﻿designator,quantity,value,pack,mpn,mount_type
AE1,1,Antenna_Shield,Texas_SWRA117D_2.4GHz_Right,,tht
"C1, C19",2,4.7uF,C_0402_1005Metric,,smt
"C10, C2, C7, C8, C9",5,12pF,C_0402_1005Metric,,smt
"C11, C12, C13, C4",4,100nF,C_0402_1005Metric,,smt
"C14, C15, C16, C23, C24, C25, C26, C27, C28, C29, C30, C31, C32, C33, C34",15,330nF,C_0402_1005Metric,,smt
"C17, C18, C21, C22, C3",5,1uF,C_0402_1005Metric,,smt
C20,1,2.2uF,C_0402_1005Metric,,smt
C5,1,DNP,C_0402_1005Metric,,smt
C6,1,100pF,C_0402_1005Metric,,smt
D1,1,~,APGF1012GBRC-07,,smt
J1,1,Conn_ARM_SWD_TagConnect_TC2030-NL,Tag-Connect_TC2030-IDC-NL_2x03_P1.27mm_Vertical,,tht
"J2, J3",2,~,2xPad,,smt
J4,1,0.91_Display,0.91_Display,,smt
J5,1,Ricoh_R1S_CN,Ricoh_R1S_CN,,tht
L1,1,3.9nH,L_0402_1005Metric,,smt
L2,1,L_Small,L_0402_1005Metric,,smt
"R1, R10, R11, R12, R13, R14, R15, R16, R17, R18, R19, R20, R21, R22, R23, R24, R25, R3, R6, R7, R8, R9",22,10K,R_0402_1005Metric,,smt
R2,1,560K,R_0402_1005Metric,,smt
"R4, R5",2,4.7K,R_0402_1005Metric,,smt
U1,1,nRF52832-QFxx,VQFN-48-1EP_6x6mm_P0.4mm_EP4.1x4.1mm_ThermalVias,,smt
U2,1,ADS114S08BIRHBT,IC_ADS114S08BIRHBT,,smt
U3,1,LSM6DSOX,PQFN50P250X300X86-14N,,smt
U4,1,BH1750FVI-TR,XDCR_BH1750FVI-TR,,smt
Y1,1,XRCGB32M000F1H01R0,OSC_XRCGB32M000F1H01R0,,smt
