﻿pos_x,pos_y,rotation,side,designator,mpn,pack,value,mount_type,place
193.548,-94.234,180.0,top,AE1,,Texas_SWRA117D_2.4GHz_Right,Antenna_Shield,tht,True
209.042,-96.266,0.0,top,C1,,C_0402_1005Metric,4.7uF,smt,True
200.914,-90.424,90.0,top,C10,,C_0402_1005Metric,12pF,smt,True
209.55,-87.884,0.0,top,C11,,C_0402_1005Metric,100nF,smt,True
201.676,-96.266,180.0,top,C12,,C_0402_1005Metric,100nF,smt,True
208.8856,-83.566,180.0,top,C13,,C_0402_1005Metric,100nF,smt,True
205.74,-75.184,-90.0,top,C14,,C_0402_1005Metric,330nF,smt,True
209.1396,-77.752,90.0,top,C15,,C_0402_1005Metric,330nF,smt,True
200.662,-83.312,180.0,top,C16,,C_0402_1005Metric,330nF,smt,True
198.628,-100.1776,-90.0,top,C17,,C_0402_1005Metric,1uF,smt,True
199.898,-100.1776,-90.0,top,C18,,C_0402_1005Metric,1uF,smt,True
209.0928,-100.4824,0.0,top,C19,,C_0402_1005Metric,4.7uF,smt,True
198.374,-98.044,0.0,top,C2,,C_0402_1005Metric,12pF,smt,True
209.0928,-99.314,0.0,top,C20,,C_0402_1005Metric,2.2uF,smt,True
203.454,-99.06,180.0,top,C21,,C_0402_1005Metric,1uF,smt,True
201.422,-100.076,-90.0,top,C22,,C_0402_1005Metric,1uF,smt,True
200.664,-80.772,180.0,top,C23,,C_0402_1005Metric,330nF,smt,True
200.636,-78.232,180.0,top,C24,,C_0402_1005Metric,330nF,smt,True
203.454,-75.169,90.0,top,C25,,C_0402_1005Metric,330nF,smt,True
207.772,-74.676,90.0,top,C26,,C_0402_1005Metric,330nF,smt,True
210.312,-74.676,90.0,top,C27,,C_0402_1005Metric,330nF,smt,True
200.664,-82.042,0.0,top,C28,,C_0402_1005Metric,330nF,smt,True
200.664,-79.502,0.0,top,C29,,C_0402_1005Metric,330nF,smt,True
207.264,-96.774,-90.0,top,C3,,C_0402_1005Metric,1uF,smt,True
200.664,-76.962,0.0,top,C30,,C_0402_1005Metric,330nF,smt,True
204.724,-75.169,-90.0,top,C31,,C_0402_1005Metric,330nF,smt,True
209.042,-74.676,-90.0,top,C32,,C_0402_1005Metric,330nF,smt,True
202.184,-67.31,90.0,top,C33,,C_0402_1005Metric,330nF,smt,True
216.69,-68.072,0.0,top,C34,,C_0402_1005Metric,330nF,smt,True
210.312,-94.742,-90.0,top,C4,,C_0402_1005Metric,100nF,smt,True
200.914,-92.202,180.0,top,C5,,C_0402_1005Metric,DNP,smt,True
200.914,-93.218,180.0,top,C6,,C_0402_1005Metric,100pF,smt,True
198.882,-94.234,180.0,top,C7,,C_0402_1005Metric,12pF,smt,True
203.2,-96.774,90.0,top,C8,,C_0402_1005Metric,12pF,smt,True
204.216,-96.774,90.0,top,C9,,C_0402_1005Metric,12pF,smt,True
220.264,-72.436,180.0,bottom,D1,,APGF1012GBRC-07,~,smt,True
176.657,-96.012,90.0,top,J1,,Tag-Connect_TC2030-IDC-NL_2x03_P1.27mm_Vertical,Conn_ARM_SWD_TagConnect_TC2030-NL,tht,False
205.994,-103.886,0.0,top,J2,,2xPad,~,smt,True
199.644,-103.886,0.0,top,J3,,2xPad,~,smt,True
211.107448,-106.3244,90.0,top,J4,,0.91_Display,0.91_Display,smt,True
180.086,-76.87,180.0,top,J5,,Ricoh_R1S_CN,Ricoh_R1S_CN,tht,True
199.39,-90.932,0.0,top,L1,,L_0402_1005Metric,3.9nH,smt,True
206.756,-75.946,-90.0,top,L2,,L_0402_1005Metric,L_Small,smt,True
207.772,-85.852,-90.0,top,R1,,R_0402_1005Metric,10K,smt,True
203.454,-100.584,0.0,top,R10,,R_0402_1005Metric,10K,smt,True
201.676,-85.852,-90.0,top,R11,,R_0402_1005Metric,10K,smt,True
198.628,-78.232,180.0,top,R12,,R_0402_1005Metric,10K,smt,True
198.628,-80.772,180.0,top,R13,,R_0402_1005Metric,10K,smt,True
198.628,-83.312,180.0,top,R14,,R_0402_1005Metric,10K,smt,True
203.454,-73.137,90.0,top,R15,,R_0402_1005Metric,10K,smt,True
198.628,-79.502,180.0,top,R16,,R_0402_1005Metric,10K,smt,True
198.628,-82.042,180.0,top,R17,,R_0402_1005Metric,10K,smt,True
198.628,-84.582,180.0,top,R18,,R_0402_1005Metric,10K,smt,True
204.724,-73.137,90.0,top,R19,,R_0402_1005Metric,10K,smt,True
209.0928,-101.6,0.0,top,R2,,R_0402_1005Metric,560K,smt,True
207.772,-72.644,90.0,top,R20,,R_0402_1005Metric,10K,smt,True
210.312,-72.644,90.0,top,R21,,R_0402_1005Metric,10K,smt,True
209.042,-72.644,90.0,top,R22,,R_0402_1005Metric,10K,smt,True
221.742,-70.866,180.0,top,R23,,R_0402_1005Metric,10K,smt,True
218.186,-70.866,0.0,top,R24,,R_0402_1005Metric,10K,smt,True
218.186,-72.136,0.0,top,R25,,R_0402_1005Metric,10K,smt,True
204.724,-85.852,-90.0,top,R3,,R_0402_1005Metric,10K,smt,True
207.518,-99.822,-90.0,top,R4,,R_0402_1005Metric,4.7K,smt,True
206.248,-99.822,-90.0,top,R5,,R_0402_1005Metric,4.7K,smt,True
205.74,-85.852,-90.0,top,R6,,R_0402_1005Metric,10K,smt,True
206.756,-85.852,-90.0,top,R7,,R_0402_1005Metric,10K,smt,True
203.708,-85.852,-90.0,top,R8,,R_0402_1005Metric,10K,smt,True
202.692,-85.852,-90.0,top,R9,,R_0402_1005Metric,10K,smt,True
205.74,-91.948,180.0,top,U1,,VQFN-48-1EP_6x6mm_P0.4mm_EP4.1x4.1mm_ThermalVias,nRF52832-QFxx,smt,True
205.486,-79.896,0.0,top,U2,,IC_ADS114S08BIRHBT,ADS114S08BIRHBT,smt,True
202.692,-64.516,0.0,top,U3,,PQFN50P250X300X86-14N,LSM6DSOX,smt,True
218.948,-67.818,90.0,top,U4,,XDCR_BH1750FVI-TR,BH1750FVI-TR,smt,True
198.628,-96.012,90.0,top,Y1,,OSC_XRCGB32M000F1H01R0,XRCGB32M000F1H01R0,smt,True
